Africa,algeria
Africa,angola
Africa,benin
Africa,botswana
Africa,burkina
Africa,burundi
Africa,cameroon
Africa,verde
Africa,central
Africa,chad
Africa,comoros
Africa,congo
Africa,djibouti
Africa,egypt
Africa,equatorial
Africa,eritrea
Africa,ethiopia
Africa,gabon
Africa,gambia
Africa,ghana
Africa,guinea
Africa,bissau
Africa,ivory
Africa,kenya
Africa,lesotho
Africa,liberia
Africa,libya
Africa,madagascar
Africa,malawi
Africa,mali
Africa,mauritania
Africa,mauritius
Africa,morocco
Africa,mozambique
Africa,namibia
Africa,niger
Africa,nigeria
Africa,rwanda
Africa,tome
Africa,senegal
Africa,seychelles
Africa,sierra leone
Africa,somalia
Africa,africa
Africa,sudan
Africa,swaziland
Africa,tanzania
Africa,togo
Africa,tunisia
Africa,uganda
Africa,zambia
Africa,zimbabwe
Asia,afghanistan
Asia,bahrain
Asia,bangladesh
Asia,bhutan
Asia,brunei
Asia,burma
Asia,cambodia
Asia,china
Asia,timor
Asia,india
Asia,indonesia
Asia,iran
Asia,iraq
Asia,israel
Asia,japan
Asia,taiwan
Asia,jordan
Asia,kazakhstan
Asia,korea
Asia,korea
Asia,kuwait
Asia,kyrgyzstan
Asia,laos
Asia,lebanon
Asia,malaysia
Asia,maldives
Asia,mongolia
Asia,nepal
Asia,kong
Asia,oman
Asia,pakistan
Asia,philippines
Asia,qatar
Asia,russia
Asia,saudi arabia
Asia,singapore
Asia,sri lanka
Asia,syria
Asia,tajikistan
Asia,thailand
Asia,turkey
Asia,turkmenistan
Asia,emirates
Asia,uzbekistan
Asia,vietnam
Asia,yemen
Europe,albania
Europe,andorra
Europe,armenia
Europe,austria
Europe,azerbaijan
Europe,belarus
Europe,belgium
Europe,bosnia
Europe,bulgaria
Europe,croatia
Europe,cyprus
Europe,czech
Europe,denmark
Europe,estonia
Europe,finland
Europe,france
Europe,georgia
Europe,germany
Europe,greece
Europe,hungary
Europe,iceland
Europe,ireland
Europe,italy
Europe,latvia
Europe,liechtenstein
Europe,lithuania
Europe,luxembourg
Europe,macedonia
Europe,malta
Europe,moldova
Europe,monaco
Europe,montenegro
Europe,netherlands
Europe,norway
Europe,poland
Europe,portugal
Europe,romania
Europe,san marino
Europe,serbia
Europe,slovakia
Europe,slovenia
Europe,spain
Europe,sweden
Europe,switzerland
Europe,ukraine
Europe,kingdom
Europe,vatican
North America,barbuda
North America,antigua
North America,bahamas
North America,barbados
North America,belize
North America,canada
North America,costa
North America,cuba
North America,dominica
North America,dominican
North America,el salvador
North America,grenada
North America,guatemala
North America,haiti
North America,honduras
North America,jamaica
North America,mexico
North America,nicaragua
North America,panama
North America,nevis
North America,lucia
North America,grenadines
North America,trinidad
North America,usa
Oceania,australia
Oceania,fiji
Oceania,kiribati
Oceania,marshall
Oceania,micronesia
Oceania,nauru
Oceania,new zealand
Oceania,palau
Oceania,papua
Oceania,samoa
Oceania,solomon
Oceania,tonga
Oceania,tuvalu
Oceania,vanuatu
South America,argentina
South America,bolivia
South America,brazil
South America,chile
South America,colombia
South America,ecuador
South America,guyana
South America,paraguay
South America,peru
South America,suriname
South America,uruguay
South America,venezuela